CDU_ID,GEO_CODE,GEO_LABEL,GEO_TYPE,GEO_TYP2,F2384,
,,,,,Population (usual residents) : All usual residents - Unit : Persons,
83,E06000006,Halton,Local Authorities,LA,125746,
84,E06000007,Warrington,Local Authorities,LA,202228,
126,E06000049,Cheshire East,Local Authorities,LA,370127,
127,E06000050,Cheshire West and Chester,Local Authorities,LA,329608,
31241,E01012367,Halton 007A,Lower Super Output Areas and Data Zones,LSOADZ,1591,
31242,E01012368,Halton 003A,Lower Super Output Areas and Data Zones,LSOADZ,1938,
31243,E01012369,Halton 005A,Lower Super Output Areas and Data Zones,LSOADZ,1517,
31244,E01012370,Halton 007B,Lower Super Output Areas and Data Zones,LSOADZ,1743,
31245,E01012371,Halton 016A,Lower Super Output Areas and Data Zones,LSOADZ,1244,
31246,E01012372,Halton 016B,Lower Super Output Areas and Data Zones,LSOADZ,1139,
31247,E01012373,Halton 016C,Lower Super Output Areas and Data Zones,LSOADZ,1290,
31248,E01012374,Halton 002A,Lower Super Output Areas and Data Zones,LSOADZ,2733,
31249,E01012375,Halton 002B,Lower Super Output Areas and Data Zones,LSOADZ,1583,
31250,E01012376,Halton 002C,Lower Super Output Areas and Data Zones,LSOADZ,2593,
31251,E01012377,Halton 004A,Lower Super Output Areas and Data Zones,LSOADZ,1794,
31252,E01012378,Halton 006A,Lower Super Output Areas and Data Zones,LSOADZ,1498,
31253,E01012379,Halton 006B,Lower Super Output Areas and Data Zones,LSOADZ,1481,
31254,E01012380,Halton 006C,Lower Super Output Areas and Data Zones,LSOADZ,1391,
31255,E01012381,Halton 010A,Lower Super Output Areas and Data Zones,LSOADZ,1351,
31256,E01012382,Halton 010B,Lower Super Output Areas and Data Zones,LSOADZ,1497,
31257,E01012383,Halton 013A,Lower Super Output Areas and Data Zones,LSOADZ,1702,
31258,E01012384,Halton 010C,Lower Super Output Areas and Data Zones,LSOADZ,1588,
31259,E01012385,Halton 009A,Lower Super Output Areas and Data Zones,LSOADZ,1441,
31260,E01012386,Halton 009B,Lower Super Output Areas and Data Zones,LSOADZ,1945,
31261,E01012387,Halton 009C,Lower Super Output Areas and Data Zones,LSOADZ,1115,
31262,E01012388,Halton 006D,Lower Super Output Areas and Data Zones,LSOADZ,1814,
31263,E01012389,Halton 008A,Lower Super Output Areas and Data Zones,LSOADZ,1785,
31264,E01012390,Halton 004B,Lower Super Output Areas and Data Zones,LSOADZ,1597,
31265,E01012391,Halton 008B,Lower Super Output Areas and Data Zones,LSOADZ,2130,
31266,E01012392,Halton 001A,Lower Super Output Areas and Data Zones,LSOADZ,2350,
31267,E01012393,Halton 001B,Lower Super Output Areas and Data Zones,LSOADZ,2028,
31268,E01012394,Halton 005B,Lower Super Output Areas and Data Zones,LSOADZ,1485,
31269,E01012395,Halton 001C,Lower Super Output Areas and Data Zones,LSOADZ,1445,
31270,E01012396,Halton 013B,Lower Super Output Areas and Data Zones,LSOADZ,1531,
31271,E01012397,Halton 013C,Lower Super Output Areas and Data Zones,LSOADZ,1505,
31272,E01012398,Halton 011A,Lower Super Output Areas and Data Zones,LSOADZ,1239,
31273,E01012399,Halton 013D,Lower Super Output Areas and Data Zones,LSOADZ,1408,
31274,E01012400,Halton 011B,Lower Super Output Areas and Data Zones,LSOADZ,1240,
31275,E01012401,Halton 008C,Lower Super Output Areas and Data Zones,LSOADZ,1841,
31276,E01012402,Halton 011C,Lower Super Output Areas and Data Zones,LSOADZ,1586,
31277,E01012403,Halton 013E,Lower Super Output Areas and Data Zones,LSOADZ,1624,
31278,E01012404,Halton 011D,Lower Super Output Areas and Data Zones,LSOADZ,1403,
31279,E01012405,Halton 011E,Lower Super Output Areas and Data Zones,LSOADZ,1992,
31280,E01012406,Halton 015A,Lower Super Output Areas and Data Zones,LSOADZ,1596,
31281,E01012407,Halton 015B,Lower Super Output Areas and Data Zones,LSOADZ,1594,
31282,E01012408,Halton 013F,Lower Super Output Areas and Data Zones,LSOADZ,2046,
31283,E01012409,Halton 015C,Lower Super Output Areas and Data Zones,LSOADZ,1434,
31284,E01012410,Halton 003B,Lower Super Output Areas and Data Zones,LSOADZ,1265,
31285,E01012411,Halton 001D,Lower Super Output Areas and Data Zones,LSOADZ,1314,
31286,E01012412,Halton 003C,Lower Super Output Areas and Data Zones,LSOADZ,1449,
31287,E01012413,Halton 003D,Lower Super Output Areas and Data Zones,LSOADZ,1485,
31288,E01012414,Halton 003E,Lower Super Output Areas and Data Zones,LSOADZ,1232,
31289,E01012415,Halton 016D,Lower Super Output Areas and Data Zones,LSOADZ,1399,
31290,E01012416,Halton 012A,Lower Super Output Areas and Data Zones,LSOADZ,1792,
31291,E01012417,Halton 012B,Lower Super Output Areas and Data Zones,LSOADZ,1294,
31292,E01012418,Halton 016E,Lower Super Output Areas and Data Zones,LSOADZ,1376,
31293,E01012419,Halton 004C,Lower Super Output Areas and Data Zones,LSOADZ,1143,
31294,E01012420,Halton 004D,Lower Super Output Areas and Data Zones,LSOADZ,1481,
31295,E01012421,Halton 002D,Lower Super Output Areas and Data Zones,LSOADZ,1339,
31296,E01012422,Halton 004E,Lower Super Output Areas and Data Zones,LSOADZ,1480,
31297,E01012423,Halton 002E,Lower Super Output Areas and Data Zones,LSOADZ,1418,
31298,E01012424,Halton 007C,Lower Super Output Areas and Data Zones,LSOADZ,1877,
31299,E01012425,Halton 005C,Lower Super Output Areas and Data Zones,LSOADZ,1613,
31300,E01012426,Halton 005D,Lower Super Output Areas and Data Zones,LSOADZ,1345,
31301,E01012427,Halton 005E,Lower Super Output Areas and Data Zones,LSOADZ,1765,
31302,E01012428,Halton 012C,Lower Super Output Areas and Data Zones,LSOADZ,2200,
31303,E01012429,Halton 012D,Lower Super Output Areas and Data Zones,LSOADZ,1387,
31304,E01012430,Halton 012E,Lower Super Output Areas and Data Zones,LSOADZ,1755,
31305,E01012431,Halton 012F,Lower Super Output Areas and Data Zones,LSOADZ,2064,
31306,E01012432,Halton 014A,Lower Super Output Areas and Data Zones,LSOADZ,1409,
31307,E01012433,Halton 014B,Lower Super Output Areas and Data Zones,LSOADZ,1620,
31308,E01012434,Halton 009D,Lower Super Output Areas and Data Zones,LSOADZ,1577,
31309,E01012435,Halton 009E,Lower Super Output Areas and Data Zones,LSOADZ,2114,
31310,E01012436,Halton 014C,Lower Super Output Areas and Data Zones,LSOADZ,1334,
31311,E01012437,Halton 015D,Lower Super Output Areas and Data Zones,LSOADZ,1354,
31312,E01012438,Halton 014D,Lower Super Output Areas and Data Zones,LSOADZ,1189,
31313,E01012439,Halton 015E,Lower Super Output Areas and Data Zones,LSOADZ,1522,
31314,E01012440,Halton 014E,Lower Super Output Areas and Data Zones,LSOADZ,1373,
31315,E01012441,Halton 007D,Lower Super Output Areas and Data Zones,LSOADZ,2301,
31316,E01012442,Halton 006E,Lower Super Output Areas and Data Zones,LSOADZ,1621,
31317,E01012443,Halton 008D,Lower Super Output Areas and Data Zones,LSOADZ,1597,
31318,E01012444,Halton 010D,Lower Super Output Areas and Data Zones,LSOADZ,1139,
31319,E01012445,Halton 010E,Lower Super Output Areas and Data Zones,LSOADZ,1276,
31320,E01012446,Warrington 025A,Lower Super Output Areas and Data Zones,LSOADZ,1429,
31321,E01012447,Warrington 025B,Lower Super Output Areas and Data Zones,LSOADZ,1494,
31322,E01012448,Warrington 024A,Lower Super Output Areas and Data Zones,LSOADZ,1579,
31323,E01012449,Warrington 025C,Lower Super Output Areas and Data Zones,LSOADZ,1403,
31324,E01012450,Warrington 023A,Lower Super Output Areas and Data Zones,LSOADZ,1403,
31325,E01012451,Warrington 023B,Lower Super Output Areas and Data Zones,LSOADZ,1558,
31326,E01012452,Warrington 025D,Lower Super Output Areas and Data Zones,LSOADZ,1770,
31327,E01012453,Warrington 013A,Lower Super Output Areas and Data Zones,LSOADZ,1715,
31328,E01012454,Warrington 013B,Lower Super Output Areas and Data Zones,LSOADZ,2034,
31329,E01012455,Warrington 013C,Lower Super Output Areas and Data Zones,LSOADZ,1934,
31330,E01012457,Warrington 013D,Lower Super Output Areas and Data Zones,LSOADZ,1662,
31331,E01012458,Warrington 018B,Lower Super Output Areas and Data Zones,LSOADZ,2367,
31332,E01012459,Warrington 005A,Lower Super Output Areas and Data Zones,LSOADZ,1361,
31333,E01012460,Warrington 004A,Lower Super Output Areas and Data Zones,LSOADZ,1420,
31334,E01012461,Warrington 005B,Lower Super Output Areas and Data Zones,LSOADZ,1308,
31335,E01012462,Warrington 004B,Lower Super Output Areas and Data Zones,LSOADZ,1289,
31336,E01012463,Warrington 004C,Lower Super Output Areas and Data Zones,LSOADZ,1128,
31337,E01012464,Warrington 004D,Lower Super Output Areas and Data Zones,LSOADZ,1399,
31338,E01012465,Warrington 005C,Lower Super Output Areas and Data Zones,LSOADZ,1289,
31339,E01012466,Warrington 005D,Lower Super Output Areas and Data Zones,LSOADZ,1507,
31340,E01012467,Warrington 003A,Lower Super Output Areas and Data Zones,LSOADZ,1224,
31341,E01012468,Warrington 003B,Lower Super Output Areas and Data Zones,LSOADZ,2435,
31342,E01012469,Warrington 003C,Lower Super Output Areas and Data Zones,LSOADZ,1546,
31343,E01012470,Warrington 003D,Lower Super Output Areas and Data Zones,LSOADZ,1143,
31344,E01012471,Warrington 001A,Lower Super Output Areas and Data Zones,LSOADZ,2289,
31345,E01012472,Warrington 001B,Lower Super Output Areas and Data Zones,LSOADZ,1823,
31346,E01012473,Warrington 002A,Lower Super Output Areas and Data Zones,LSOADZ,1558,
31347,E01012474,Warrington 002B,Lower Super Output Areas and Data Zones,LSOADZ,1427,
31348,E01012475,Warrington 002C,Lower Super Output Areas and Data Zones,LSOADZ,1490,
31349,E01012476,Warrington 001C,Lower Super Output Areas and Data Zones,LSOADZ,1544,
31350,E01012477,Warrington 001D,Lower Super Output Areas and Data Zones,LSOADZ,1559,
31351,E01012478,Warrington 012A,Lower Super Output Areas and Data Zones,LSOADZ,1446,
31352,E01012479,Warrington 017A,Lower Super Output Areas and Data Zones,LSOADZ,1618,
31353,E01012480,Warrington 017B,Lower Super Output Areas and Data Zones,LSOADZ,1960,
31354,E01012481,Warrington 011A,Lower Super Output Areas and Data Zones,LSOADZ,1594,
31355,E01012482,Warrington 011B,Lower Super Output Areas and Data Zones,LSOADZ,1601,
31356,E01012483,Warrington 018C,Lower Super Output Areas and Data Zones,LSOADZ,1621,
31357,E01012485,Warrington 022A,Lower Super Output Areas and Data Zones,LSOADZ,1568,
31358,E01012486,Warrington 022B,Lower Super Output Areas and Data Zones,LSOADZ,1483,
31359,E01012487,Warrington 022C,Lower Super Output Areas and Data Zones,LSOADZ,1537,
31360,E01012488,Warrington 024B,Lower Super Output Areas and Data Zones,LSOADZ,1735,
31361,E01012489,Warrington 022D,Lower Super Output Areas and Data Zones,LSOADZ,1898,
31362,E01012490,Warrington 022E,Lower Super Output Areas and Data Zones,LSOADZ,1466,
31363,E01012491,Warrington 015A,Lower Super Output Areas and Data Zones,LSOADZ,1422,
31364,E01012492,Warrington 015B,Lower Super Output Areas and Data Zones,LSOADZ,1444,
31365,E01012493,Warrington 015C,Lower Super Output Areas and Data Zones,LSOADZ,1819,
31366,E01012494,Warrington 015D,Lower Super Output Areas and Data Zones,LSOADZ,1654,
31367,E01012495,Warrington 016A,Lower Super Output Areas and Data Zones,LSOADZ,1713,
31368,E01012496,Warrington 016B,Lower Super Output Areas and Data Zones,LSOADZ,1400,
31369,E01012497,Warrington 016C,Lower Super Output Areas and Data Zones,LSOADZ,1271,
31370,E01012498,Warrington 016D,Lower Super Output Areas and Data Zones,LSOADZ,1523,
31371,E01012499,Warrington 016E,Lower Super Output Areas and Data Zones,LSOADZ,1908,
31372,E01012500,Warrington 015E,Lower Super Output Areas and Data Zones,LSOADZ,1354,
31373,E01012501,Warrington 016F,Lower Super Output Areas and Data Zones,LSOADZ,1419,
31374,E01012502,Warrington 024C,Lower Super Output Areas and Data Zones,LSOADZ,1633,
31375,E01012503,Warrington 024D,Lower Super Output Areas and Data Zones,LSOADZ,1451,
31376,E01012504,Warrington 020A,Lower Super Output Areas and Data Zones,LSOADZ,1785,
31377,E01012505,Warrington 020B,Lower Super Output Areas and Data Zones,LSOADZ,1400,
31378,E01012506,Warrington 020C,Lower Super Output Areas and Data Zones,LSOADZ,1544,
31379,E01012507,Warrington 020D,Lower Super Output Areas and Data Zones,LSOADZ,1845,
31380,E01012508,Warrington 020E,Lower Super Output Areas and Data Zones,LSOADZ,1560,
31381,E01012509,Warrington 018D,Lower Super Output Areas and Data Zones,LSOADZ,1791,
31382,E01012510,Warrington 017D,Lower Super Output Areas and Data Zones,LSOADZ,1751,
31383,E01012511,Warrington 017E,Lower Super Output Areas and Data Zones,LSOADZ,1670,
31384,E01012512,Warrington 018E,Lower Super Output Areas and Data Zones,LSOADZ,1558,
31385,E01012513,Warrington 021A,Lower Super Output Areas and Data Zones,LSOADZ,1980,
31386,E01012514,Warrington 021B,Lower Super Output Areas and Data Zones,LSOADZ,1864,
31387,E01012515,Warrington 021C,Lower Super Output Areas and Data Zones,LSOADZ,1471,
31388,E01012516,Warrington 021D,Lower Super Output Areas and Data Zones,LSOADZ,1342,
31389,E01012517,Warrington 021E,Lower Super Output Areas and Data Zones,LSOADZ,2216,
31390,E01012518,Warrington 021F,Lower Super Output Areas and Data Zones,LSOADZ,2003,
31391,E01012519,Warrington 021G,Lower Super Output Areas and Data Zones,LSOADZ,1474,
31392,E01012520,Warrington 011C,Lower Super Output Areas and Data Zones,LSOADZ,1506,
31393,E01012521,Warrington 008A,Lower Super Output Areas and Data Zones,LSOADZ,1571,
31394,E01012522,Warrington 008B,Lower Super Output Areas and Data Zones,LSOADZ,1359,
31395,E01012523,Warrington 011D,Lower Super Output Areas and Data Zones,LSOADZ,1442,
31396,E01012524,Warrington 011E,Lower Super Output Areas and Data Zones,LSOADZ,1523,
31397,E01012525,Warrington 011F,Lower Super Output Areas and Data Zones,LSOADZ,1517,
31398,E01012526,Warrington 006A,Lower Super Output Areas and Data Zones,LSOADZ,1700,
31399,E01012527,Warrington 019A,Lower Super Output Areas and Data Zones,LSOADZ,1491,
31400,E01012528,Warrington 019B,Lower Super Output Areas and Data Zones,LSOADZ,1241,
31401,E01012529,Warrington 019C,Lower Super Output Areas and Data Zones,LSOADZ,1426,
31402,E01012530,Warrington 019D,Lower Super Output Areas and Data Zones,LSOADZ,1442,
31403,E01012531,Warrington 019E,Lower Super Output Areas and Data Zones,LSOADZ,1513,
31404,E01012532,Warrington 019F,Lower Super Output Areas and Data Zones,LSOADZ,1430,
31405,E01012533,Warrington 008C,Lower Super Output Areas and Data Zones,LSOADZ,1445,
31406,E01012534,Warrington 006B,Lower Super Output Areas and Data Zones,LSOADZ,1520,
31407,E01012535,Warrington 006C,Lower Super Output Areas and Data Zones,LSOADZ,1655,
31408,E01012536,Warrington 008D,Lower Super Output Areas and Data Zones,LSOADZ,1436,
31409,E01012537,Warrington 006D,Lower Super Output Areas and Data Zones,LSOADZ,1496,
31410,E01012538,Warrington 007A,Lower Super Output Areas and Data Zones,LSOADZ,1427,
31411,E01012539,Warrington 006E,Lower Super Output Areas and Data Zones,LSOADZ,1549,
31412,E01012540,Warrington 007B,Lower Super Output Areas and Data Zones,LSOADZ,1366,
31413,E01012541,Warrington 007C,Lower Super Output Areas and Data Zones,LSOADZ,1303,
31414,E01012542,Warrington 007D,Lower Super Output Areas and Data Zones,LSOADZ,1356,
31415,E01012543,Warrington 007E,Lower Super Output Areas and Data Zones,LSOADZ,1647,
31416,E01012544,Warrington 007F,Lower Super Output Areas and Data Zones,LSOADZ,1404,
31417,E01012545,Warrington 008E,Lower Super Output Areas and Data Zones,LSOADZ,1592,
31418,E01012546,Warrington 008F,Lower Super Output Areas and Data Zones,LSOADZ,1598,
31419,E01012547,Warrington 012B,Lower Super Output Areas and Data Zones,LSOADZ,1716,
31420,E01012548,Warrington 012C,Lower Super Output Areas and Data Zones,LSOADZ,1793,
31421,E01012549,Warrington 012D,Lower Super Output Areas and Data Zones,LSOADZ,1393,
31422,E01012550,Warrington 012E,Lower Super Output Areas and Data Zones,LSOADZ,1583,
31423,E01012551,Warrington 014A,Lower Super Output Areas and Data Zones,LSOADZ,1560,
31424,E01012552,Warrington 014B,Lower Super Output Areas and Data Zones,LSOADZ,1357,
31425,E01012553,Warrington 014C,Lower Super Output Areas and Data Zones,LSOADZ,1354,
31426,E01012554,Warrington 002D,Lower Super Output Areas and Data Zones,LSOADZ,1960,
31427,E01012555,Warrington 014D,Lower Super Output Areas and Data Zones,LSOADZ,1402,
31428,E01012556,Warrington 014E,Lower Super Output Areas and Data Zones,LSOADZ,1483,
31429,E01012557,Warrington 023C,Lower Super Output Areas and Data Zones,LSOADZ,1574,
31430,E01012558,Warrington 023D,Lower Super Output Areas and Data Zones,LSOADZ,1787,
31431,E01012559,Warrington 023E,Lower Super Output Areas and Data Zones,LSOADZ,1554,
31432,E01012560,Warrington 023F,Lower Super Output Areas and Data Zones,LSOADZ,1476,
31433,E01012561,Warrington 009A,Lower Super Output Areas and Data Zones,LSOADZ,1589,
31434,E01012562,Warrington 009B,Lower Super Output Areas and Data Zones,LSOADZ,1726,
31435,E01012563,Warrington 010A,Lower Super Output Areas and Data Zones,LSOADZ,1729,
31436,E01012564,Warrington 010B,Lower Super Output Areas and Data Zones,LSOADZ,1402,
31437,E01012565,Warrington 010C,Lower Super Output Areas and Data Zones,LSOADZ,2494,
31438,E01012566,Warrington 010D,Lower Super Output Areas and Data Zones,LSOADZ,2156,
31439,E01012567,Warrington 009C,Lower Super Output Areas and Data Zones,LSOADZ,1875,
31440,E01012568,Warrington 009D,Lower Super Output Areas and Data Zones,LSOADZ,2500,
31441,E01012569,Warrington 010E,Lower Super Output Areas and Data Zones,LSOADZ,1925,
31442,E01012570,Warrington 010F,Lower Super Output Areas and Data Zones,LSOADZ,1204,
37037,E01018308,Cheshire West and Chester 022A,Lower Super Output Areas and Data Zones,LSOADZ,1902,
37038,E01018309,Cheshire West and Chester 029A,Lower Super Output Areas and Data Zones,LSOADZ,1648,
37039,E01018310,Cheshire West and Chester 029B,Lower Super Output Areas and Data Zones,LSOADZ,1531,
37040,E01018311,Cheshire West and Chester 029C,Lower Super Output Areas and Data Zones,LSOADZ,1388,
37041,E01018312,Cheshire West and Chester 029D,Lower Super Output Areas and Data Zones,LSOADZ,1493,
37042,E01018313,Cheshire West and Chester 031A,Lower Super Output Areas and Data Zones,LSOADZ,1357,
37043,E01018314,Cheshire West and Chester 031B,Lower Super Output Areas and Data Zones,LSOADZ,1644,
37044,E01018315,Cheshire West and Chester 031C,Lower Super Output Areas and Data Zones,LSOADZ,1125,
37045,E01018316,Cheshire West and Chester 031D,Lower Super Output Areas and Data Zones,LSOADZ,1431,
37046,E01018317,Cheshire West and Chester 031E,Lower Super Output Areas and Data Zones,LSOADZ,1482,
37047,E01018319,Cheshire West and Chester 036A,Lower Super Output Areas and Data Zones,LSOADZ,2109,
37048,E01018320,Cheshire West and Chester 041A,Lower Super Output Areas and Data Zones,LSOADZ,1455,
37049,E01018321,Cheshire West and Chester 041B,Lower Super Output Areas and Data Zones,LSOADZ,1200,
37050,E01018322,Cheshire West and Chester 041C,Lower Super Output Areas and Data Zones,LSOADZ,1172,
37051,E01018323,Cheshire West and Chester 039A,Lower Super Output Areas and Data Zones,LSOADZ,1383,
37052,E01018324,Cheshire West and Chester 039B,Lower Super Output Areas and Data Zones,LSOADZ,1317,
37053,E01018325,Cheshire West and Chester 039C,Lower Super Output Areas and Data Zones,LSOADZ,1467,
37054,E01018326,Cheshire West and Chester 034A,Lower Super Output Areas and Data Zones,LSOADZ,2012,
37055,E01018327,Cheshire West and Chester 033B,Lower Super Output Areas and Data Zones,LSOADZ,1998,
37056,E01018328,Cheshire West and Chester 034B,Lower Super Output Areas and Data Zones,LSOADZ,1867,
37057,E01018329,Cheshire West and Chester 034C,Lower Super Output Areas and Data Zones,LSOADZ,2137,
37058,E01018330,Cheshire West and Chester 034D,Lower Super Output Areas and Data Zones,LSOADZ,1243,
37059,E01018331,Cheshire West and Chester 034E,Lower Super Output Areas and Data Zones,LSOADZ,1650,
37060,E01018332,Cheshire West and Chester 043A,Lower Super Output Areas and Data Zones,LSOADZ,1063,
37061,E01018333,Cheshire West and Chester 043B,Lower Super Output Areas and Data Zones,LSOADZ,1503,
37062,E01018334,Cheshire West and Chester 043C,Lower Super Output Areas and Data Zones,LSOADZ,1511,
37063,E01018335,Cheshire West and Chester 046A,Lower Super Output Areas and Data Zones,LSOADZ,2115,
37064,E01018336,Cheshire West and Chester 022B,Lower Super Output Areas and Data Zones,LSOADZ,1233,
37065,E01018337,Cheshire West and Chester 022C,Lower Super Output Areas and Data Zones,LSOADZ,1331,
37066,E01018338,Cheshire West and Chester 022D,Lower Super Output Areas and Data Zones,LSOADZ,1790,
37067,E01018339,Cheshire West and Chester 047A,Lower Super Output Areas and Data Zones,LSOADZ,2018,
37068,E01018340,Cheshire West and Chester 043D,Lower Super Output Areas and Data Zones,LSOADZ,1428,
37069,E01018341,Cheshire West and Chester 043E,Lower Super Output Areas and Data Zones,LSOADZ,1108,
37070,E01018342,Cheshire West and Chester 043F,Lower Super Output Areas and Data Zones,LSOADZ,1568,
37071,E01018343,Cheshire West and Chester 033C,Lower Super Output Areas and Data Zones,LSOADZ,1645,
37072,E01018344,Cheshire West and Chester 036B,Lower Super Output Areas and Data Zones,LSOADZ,1936,
37073,E01018345,Cheshire West and Chester 032A,Lower Super Output Areas and Data Zones,LSOADZ,1317,
37074,E01018346,Cheshire West and Chester 032B,Lower Super Output Areas and Data Zones,LSOADZ,1370,
37075,E01018347,Cheshire West and Chester 032C,Lower Super Output Areas and Data Zones,LSOADZ,1355,
37076,E01018348,Cheshire West and Chester 041D,Lower Super Output Areas and Data Zones,LSOADZ,2115,
37077,E01018349,Cheshire West and Chester 030A,Lower Super Output Areas and Data Zones,LSOADZ,1618,
37078,E01018350,Cheshire West and Chester 030B,Lower Super Output Areas and Data Zones,LSOADZ,1927,
37079,E01018351,Cheshire West and Chester 044A,Lower Super Output Areas and Data Zones,LSOADZ,1448,
37080,E01018352,Cheshire West and Chester 044B,Lower Super Output Areas and Data Zones,LSOADZ,1790,
37081,E01018353,Cheshire West and Chester 044C,Lower Super Output Areas and Data Zones,LSOADZ,1575,
37082,E01018354,Cheshire West and Chester 044D,Lower Super Output Areas and Data Zones,LSOADZ,1606,
37083,E01018355,Cheshire West and Chester 047B,Lower Super Output Areas and Data Zones,LSOADZ,1210,
37084,E01018356,Cheshire West and Chester 047C,Lower Super Output Areas and Data Zones,LSOADZ,1474,
37085,E01018357,Cheshire West and Chester 047D,Lower Super Output Areas and Data Zones,LSOADZ,1291,
37086,E01018358,Cheshire West and Chester 022E,Lower Super Output Areas and Data Zones,LSOADZ,1272,
37087,E01018359,Cheshire West and Chester 022F,Lower Super Output Areas and Data Zones,LSOADZ,1081,
37088,E01018360,Cheshire West and Chester 025A,Lower Super Output Areas and Data Zones,LSOADZ,2096,
37089,E01018361,Cheshire West and Chester 033D,Lower Super Output Areas and Data Zones,LSOADZ,1471,
37090,E01018362,Cheshire West and Chester 028A,Lower Super Output Areas and Data Zones,LSOADZ,1516,
37091,E01018363,Cheshire West and Chester 028B,Lower Super Output Areas and Data Zones,LSOADZ,1048,
37092,E01018364,Cheshire West and Chester 027A,Lower Super Output Areas and Data Zones,LSOADZ,1565,
37093,E01018365,Cheshire West and Chester 027B,Lower Super Output Areas and Data Zones,LSOADZ,1860,
37094,E01018366,Cheshire West and Chester 025B,Lower Super Output Areas and Data Zones,LSOADZ,1515,
37095,E01018367,Cheshire West and Chester 025C,Lower Super Output Areas and Data Zones,LSOADZ,1984,
37096,E01018368,Cheshire West and Chester 030C,Lower Super Output Areas and Data Zones,LSOADZ,1377,
37097,E01018369,Cheshire West and Chester 046B,Lower Super Output Areas and Data Zones,LSOADZ,1678,
37098,E01018370,Cheshire West and Chester 030D,Lower Super Output Areas and Data Zones,LSOADZ,1351,
37099,E01018371,Cheshire West and Chester 046C,Lower Super Output Areas and Data Zones,LSOADZ,1807,
37100,E01018372,Cheshire West and Chester 046D,Lower Super Output Areas and Data Zones,LSOADZ,1896,
37101,E01018373,Cheshire West and Chester 047E,Lower Super Output Areas and Data Zones,LSOADZ,1980,
37102,E01018374,Cheshire West and Chester 028C,Lower Super Output Areas and Data Zones,LSOADZ,1894,
37103,E01018375,Cheshire West and Chester 028D,Lower Super Output Areas and Data Zones,LSOADZ,1802,
37104,E01018376,Cheshire West and Chester 028E,Lower Super Output Areas and Data Zones,LSOADZ,1640,
37105,E01018377,Cheshire West and Chester 028F,Lower Super Output Areas and Data Zones,LSOADZ,1647,
37106,E01018378,Cheshire West and Chester 027C,Lower Super Output Areas and Data Zones,LSOADZ,1230,
37107,E01018379,Cheshire West and Chester 027D,Lower Super Output Areas and Data Zones,LSOADZ,1347,
37108,E01018380,Cheshire West and Chester 027E,Lower Super Output Areas and Data Zones,LSOADZ,1176,
37109,E01018381,Cheshire West and Chester 036C,Lower Super Output Areas and Data Zones,LSOADZ,1196,
37110,E01018382,Cheshire West and Chester 036D,Lower Super Output Areas and Data Zones,LSOADZ,1532,
37111,E01018383,Cheshire West and Chester 032D,Lower Super Output Areas and Data Zones,LSOADZ,1531,
37112,E01018384,Cheshire West and Chester 032E,Lower Super Output Areas and Data Zones,LSOADZ,1446,
37113,E01018385,Cheshire West and Chester 039D,Lower Super Output Areas and Data Zones,LSOADZ,2028,
37114,E01018386,Cheshire East 042A,Lower Super Output Areas and Data Zones,LSOADZ,1418,
37115,E01018387,Cheshire East 040A,Lower Super Output Areas and Data Zones,LSOADZ,1684,
37116,E01018388,Cheshire East 040B,Lower Super Output Areas and Data Zones,LSOADZ,1568,
37117,E01018389,Cheshire East 040C,Lower Super Output Areas and Data Zones,LSOADZ,1607,
37118,E01018390,Cheshire East 040D,Lower Super Output Areas and Data Zones,LSOADZ,1666,
37119,E01018391,Cheshire East 042B,Lower Super Output Areas and Data Zones,LSOADZ,1933,
37120,E01018392,Cheshire East 042C,Lower Super Output Areas and Data Zones,LSOADZ,1899,
37121,E01018393,Cheshire East 022A,Lower Super Output Areas and Data Zones,LSOADZ,2047,
37122,E01018394,Cheshire East 033A,Lower Super Output Areas and Data Zones,LSOADZ,2053,
37123,E01018395,Cheshire East 026A,Lower Super Output Areas and Data Zones,LSOADZ,1603,
37124,E01018396,Cheshire East 026B,Lower Super Output Areas and Data Zones,LSOADZ,1482,
37125,E01018397,Cheshire East 028A,Lower Super Output Areas and Data Zones,LSOADZ,1831,
37126,E01018398,Cheshire East 027A,Lower Super Output Areas and Data Zones,LSOADZ,1459,
37127,E01018399,Cheshire East 027B,Lower Super Output Areas and Data Zones,LSOADZ,1501,
37128,E01018400,Cheshire East 026C,Lower Super Output Areas and Data Zones,LSOADZ,2157,
37129,E01018401,Cheshire East 026D,Lower Super Output Areas and Data Zones,LSOADZ,1576,
37130,E01018402,Cheshire East 027C,Lower Super Output Areas and Data Zones,LSOADZ,1910,
37131,E01018403,Cheshire East 027D,Lower Super Output Areas and Data Zones,LSOADZ,1953,
37132,E01018404,Cheshire East 029A,Lower Super Output Areas and Data Zones,LSOADZ,1490,
37133,E01018405,Cheshire East 029B,Lower Super Output Areas and Data Zones,LSOADZ,1397,
37134,E01018406,Cheshire East 029C,Lower Super Output Areas and Data Zones,LSOADZ,1444,
37135,E01018407,Cheshire East 029D,Lower Super Output Areas and Data Zones,LSOADZ,1481,
37136,E01018408,Cheshire East 028B,Lower Super Output Areas and Data Zones,LSOADZ,1784,
37137,E01018409,Cheshire East 028C,Lower Super Output Areas and Data Zones,LSOADZ,1847,
37138,E01018410,Cheshire East 028D,Lower Super Output Areas and Data Zones,LSOADZ,1567,
37139,E01018411,Cheshire East 022B,Lower Super Output Areas and Data Zones,LSOADZ,2320,
37140,E01018412,Cheshire East 022C,Lower Super Output Areas and Data Zones,LSOADZ,1526,
37141,E01018413,Cheshire East 023A,Lower Super Output Areas and Data Zones,LSOADZ,1277,
37142,E01018414,Cheshire East 023B,Lower Super Output Areas and Data Zones,LSOADZ,1372,
37143,E01018415,Cheshire East 023C,Lower Super Output Areas and Data Zones,LSOADZ,1642,
37144,E01018416,Cheshire East 023D,Lower Super Output Areas and Data Zones,LSOADZ,1314,
37145,E01018417,Cheshire East 033B,Lower Super Output Areas and Data Zones,LSOADZ,1629,
37146,E01018418,Cheshire East 033C,Lower Super Output Areas and Data Zones,LSOADZ,1510,
37147,E01018419,Cheshire East 025A,Lower Super Output Areas and Data Zones,LSOADZ,1361,
37148,E01018420,Cheshire East 025B,Lower Super Output Areas and Data Zones,LSOADZ,1902,
37149,E01018421,Cheshire East 025C,Lower Super Output Areas and Data Zones,LSOADZ,1342,
37150,E01018422,Cheshire East 025D,Lower Super Output Areas and Data Zones,LSOADZ,1286,
37151,E01018423,Cheshire East 025E,Lower Super Output Areas and Data Zones,LSOADZ,1456,
37152,E01018424,Cheshire East 024A,Lower Super Output Areas and Data Zones,LSOADZ,1696,
37153,E01018425,Cheshire East 024B,Lower Super Output Areas and Data Zones,LSOADZ,1625,
37154,E01018426,Cheshire East 024C,Lower Super Output Areas and Data Zones,LSOADZ,1602,
37155,E01018427,Cheshire East 024D,Lower Super Output Areas and Data Zones,LSOADZ,1325,
37156,E01018428,Cheshire East 033D,Lower Super Output Areas and Data Zones,LSOADZ,1399,
37157,E01018429,Cheshire East 033E,Lower Super Output Areas and Data Zones,LSOADZ,1492,
37158,E01018430,Cheshire East 033F,Lower Super Output Areas and Data Zones,LSOADZ,1388,
37159,E01018431,Cheshire East 033G,Lower Super Output Areas and Data Zones,LSOADZ,1163,
37160,E01018432,Cheshire East 032A,Lower Super Output Areas and Data Zones,LSOADZ,1495,
37161,E01018433,Cheshire East 032B,Lower Super Output Areas and Data Zones,LSOADZ,1253,
37162,E01018434,Cheshire East 032C,Lower Super Output Areas and Data Zones,LSOADZ,1335,
37163,E01018435,Cheshire East 032D,Lower Super Output Areas and Data Zones,LSOADZ,1353,
37164,E01018436,Cheshire East 030A,Lower Super Output Areas and Data Zones,LSOADZ,1416,
37165,E01018437,Cheshire East 030B,Lower Super Output Areas and Data Zones,LSOADZ,1579,
37166,E01018438,Cheshire East 030C,Lower Super Output Areas and Data Zones,LSOADZ,1414,
37167,E01018439,Cheshire East 030D,Lower Super Output Areas and Data Zones,LSOADZ,1339,
37168,E01018440,Cheshire East 031A,Lower Super Output Areas and Data Zones,LSOADZ,1780,
37169,E01018441,Cheshire East 031B,Lower Super Output Areas and Data Zones,LSOADZ,1690,
37170,E01018442,Cheshire East 031C,Lower Super Output Areas and Data Zones,LSOADZ,1829,
37171,E01018443,Cheshire East 031D,Lower Super Output Areas and Data Zones,LSOADZ,1493,
37172,E01018444,Cheshire East 049A,Lower Super Output Areas and Data Zones,LSOADZ,2157,
37173,E01018445,Cheshire East 045A,Lower Super Output Areas and Data Zones,LSOADZ,1927,
37174,E01018446,Cheshire East 045B,Lower Super Output Areas and Data Zones,LSOADZ,1336,
37175,E01018447,Cheshire East 045C,Lower Super Output Areas and Data Zones,LSOADZ,1739,
37176,E01018448,Cheshire East 045D,Lower Super Output Areas and Data Zones,LSOADZ,1735,
37177,E01018449,Cheshire East 051A,Lower Super Output Areas and Data Zones,LSOADZ,1725,
37178,E01018450,Cheshire East 051B,Lower Super Output Areas and Data Zones,LSOADZ,2221,
37179,E01018451,Cheshire East 047A,Lower Super Output Areas and Data Zones,LSOADZ,1324,
37180,E01018452,Cheshire East 050A,Lower Super Output Areas and Data Zones,LSOADZ,1139,
37181,E01018454,Cheshire East 047B,Lower Super Output Areas and Data Zones,LSOADZ,1522,
37182,E01018455,Cheshire East 047C,Lower Super Output Areas and Data Zones,LSOADZ,1325,
37183,E01018456,Cheshire East 047D,Lower Super Output Areas and Data Zones,LSOADZ,1294,
37184,E01018457,Cheshire East 047E,Lower Super Output Areas and Data Zones,LSOADZ,1433,
37185,E01018458,Cheshire East 051C,Lower Super Output Areas and Data Zones,LSOADZ,2136,
37186,E01018459,Cheshire East 036A,Lower Super Output Areas and Data Zones,LSOADZ,1410,
37187,E01018460,Cheshire East 036B,Lower Super Output Areas and Data Zones,LSOADZ,1400,
37188,E01018461,Cheshire East 036C,Lower Super Output Areas and Data Zones,LSOADZ,1401,
37189,E01018462,Cheshire East 039A,Lower Super Output Areas and Data Zones,LSOADZ,1473,
37190,E01018463,Cheshire East 035A,Lower Super Output Areas and Data Zones,LSOADZ,1482,
37191,E01018464,Cheshire East 039B,Lower Super Output Areas and Data Zones,LSOADZ,1390,
37192,E01018465,Cheshire East 041A,Lower Super Output Areas and Data Zones,LSOADZ,2843,
37193,E01018466,Cheshire East 036D,Lower Super Output Areas and Data Zones,LSOADZ,2304,
37194,E01018467,Cheshire East 036E,Lower Super Output Areas and Data Zones,LSOADZ,2192,
37195,E01018468,Cheshire East 041B,Lower Super Output Areas and Data Zones,LSOADZ,1623,
37196,E01018469,Cheshire East 041C,Lower Super Output Areas and Data Zones,LSOADZ,1621,
37197,E01018470,Cheshire East 041D,Lower Super Output Areas and Data Zones,LSOADZ,1482,
37198,E01018471,Cheshire East 041E,Lower Super Output Areas and Data Zones,LSOADZ,1493,
37199,E01018472,Cheshire East 034A,Lower Super Output Areas and Data Zones,LSOADZ,1386,
37200,E01018473,Cheshire East 034B,Lower Super Output Areas and Data Zones,LSOADZ,1671,
37201,E01018474,Cheshire East 034C,Lower Super Output Areas and Data Zones,LSOADZ,1870,
37202,E01018475,Cheshire East 034D,Lower Super Output Areas and Data Zones,LSOADZ,1873,
37203,E01018476,Cheshire East 035B,Lower Super Output Areas and Data Zones,LSOADZ,1428,
37204,E01018477,Cheshire East 035C,Lower Super Output Areas and Data Zones,LSOADZ,1533,
37205,E01018478,Cheshire East 035D,Lower Super Output Areas and Data Zones,LSOADZ,1467,
37206,E01018479,Cheshire East 035E,Lower Super Output Areas and Data Zones,LSOADZ,1603,
37207,E01018480,Cheshire East 049B,Lower Super Output Areas and Data Zones,LSOADZ,2172,
37208,E01018481,Cheshire East 051D,Lower Super Output Areas and Data Zones,LSOADZ,1985,
37209,E01018482,Cheshire East 037A,Lower Super Output Areas and Data Zones,LSOADZ,1401,
37210,E01018483,Cheshire East 037B,Lower Super Output Areas and Data Zones,LSOADZ,1370,
37211,E01018484,Cheshire East 037C,Lower Super Output Areas and Data Zones,LSOADZ,2402,
37212,E01018485,Cheshire East 037D,Lower Super Output Areas and Data Zones,LSOADZ,1540,
37213,E01018486,Cheshire East 043A,Lower Super Output Areas and Data Zones,LSOADZ,1474,
37214,E01018487,Cheshire East 043B,Lower Super Output Areas and Data Zones,LSOADZ,1650,
37215,E01018488,Cheshire East 043C,Lower Super Output Areas and Data Zones,LSOADZ,1518,
37216,E01018489,Cheshire East 043D,Lower Super Output Areas and Data Zones,LSOADZ,1366,
37217,E01018490,Cheshire East 046A,Lower Super Output Areas and Data Zones,LSOADZ,1448,
37218,E01018491,Cheshire East 046B,Lower Super Output Areas and Data Zones,LSOADZ,1428,
37219,E01018492,Cheshire East 046C,Lower Super Output Areas and Data Zones,LSOADZ,1066,
37220,E01018493,Cheshire East 048A,Lower Super Output Areas and Data Zones,LSOADZ,1236,
37221,E01018494,Cheshire East 048B,Lower Super Output Areas and Data Zones,LSOADZ,1345,
37222,E01018495,Cheshire East 048C,Lower Super Output Areas and Data Zones,LSOADZ,1241,
37223,E01018496,Cheshire East 039C,Lower Super Output Areas and Data Zones,LSOADZ,1687,
37224,E01018497,Cheshire East 039D,Lower Super Output Areas and Data Zones,LSOADZ,1174,
37225,E01018498,Cheshire East 039E,Lower Super Output Areas and Data Zones,LSOADZ,1570,
37226,E01018499,Cheshire East 038A,Lower Super Output Areas and Data Zones,LSOADZ,1544,
37227,E01018500,Cheshire East 038B,Lower Super Output Areas and Data Zones,LSOADZ,1254,
37228,E01018501,Cheshire East 038C,Lower Super Output Areas and Data Zones,LSOADZ,1579,
37229,E01018502,Cheshire East 038D,Lower Super Output Areas and Data Zones,LSOADZ,2059,
37230,E01018503,Cheshire East 050C,Lower Super Output Areas and Data Zones,LSOADZ,1630,
37231,E01018504,Cheshire East 050D,Lower Super Output Areas and Data Zones,LSOADZ,1765,
37232,E01018505,Cheshire East 046D,Lower Super Output Areas and Data Zones,LSOADZ,1086,
37233,E01018506,Cheshire East 046E,Lower Super Output Areas and Data Zones,LSOADZ,1421,
37234,E01018507,Cheshire East 046F,Lower Super Output Areas and Data Zones,LSOADZ,1404,
37235,E01018508,Cheshire East 048D,Lower Super Output Areas and Data Zones,LSOADZ,1180,
37236,E01018509,Cheshire East 048E,Lower Super Output Areas and Data Zones,LSOADZ,1102,
37237,E01018510,Cheshire East 044A,Lower Super Output Areas and Data Zones,LSOADZ,1616,
37238,E01018511,Cheshire East 044B,Lower Super Output Areas and Data Zones,LSOADZ,1445,
37239,E01018512,Cheshire East 044C,Lower Super Output Areas and Data Zones,LSOADZ,1690,
37240,E01018513,Cheshire East 044D,Lower Super Output Areas and Data Zones,LSOADZ,1623,
37241,E01018514,Cheshire East 051E,Lower Super Output Areas and Data Zones,LSOADZ,1976,
37242,E01018515,Cheshire East 049C,Lower Super Output Areas and Data Zones,LSOADZ,2325,
37243,E01018516,Cheshire East 049D,Lower Super Output Areas and Data Zones,LSOADZ,1460,
37244,E01018518,Cheshire West and Chester 004A,Lower Super Output Areas and Data Zones,LSOADZ,1507,
37245,E01018519,Cheshire West and Chester 007A,Lower Super Output Areas and Data Zones,LSOADZ,1416,
37246,E01018520,Cheshire West and Chester 007B,Lower Super Output Areas and Data Zones,LSOADZ,1035,
37247,E01018521,Cheshire West and Chester 011A,Lower Super Output Areas and Data Zones,LSOADZ,1213,
37248,E01018522,Cheshire West and Chester 010A,Lower Super Output Areas and Data Zones,LSOADZ,1382,
37249,E01018523,Cheshire West and Chester 008A,Lower Super Output Areas and Data Zones,LSOADZ,1347,
37250,E01018524,Cheshire West and Chester 008B,Lower Super Output Areas and Data Zones,LSOADZ,1413,
37251,E01018525,Cheshire West and Chester 007C,Lower Super Output Areas and Data Zones,LSOADZ,1329,
37252,E01018526,Cheshire West and Chester 016A,Lower Super Output Areas and Data Zones,LSOADZ,1624,
37253,E01018527,Cheshire West and Chester 016B,Lower Super Output Areas and Data Zones,LSOADZ,1727,
37254,E01018528,Cheshire West and Chester 009A,Lower Super Output Areas and Data Zones,LSOADZ,1176,
37255,E01018529,Cheshire West and Chester 009B,Lower Super Output Areas and Data Zones,LSOADZ,1507,
37256,E01018530,Cheshire West and Chester 009C,Lower Super Output Areas and Data Zones,LSOADZ,1517,
37257,E01018531,Cheshire West and Chester 009D,Lower Super Output Areas and Data Zones,LSOADZ,1566,
37258,E01018532,Cheshire West and Chester 006A,Lower Super Output Areas and Data Zones,LSOADZ,1855,
37259,E01018533,Cheshire West and Chester 006B,Lower Super Output Areas and Data Zones,LSOADZ,1506,
37260,E01018534,Cheshire West and Chester 001A,Lower Super Output Areas and Data Zones,LSOADZ,2521,
37261,E01018535,Cheshire West and Chester 001B,Lower Super Output Areas and Data Zones,LSOADZ,1524,
37262,E01018536,Cheshire West and Chester 001C,Lower Super Output Areas and Data Zones,LSOADZ,1647,
37263,E01018537,Cheshire West and Chester 001D,Lower Super Output Areas and Data Zones,LSOADZ,1944,
37264,E01018538,Cheshire West and Chester 010B,Lower Super Output Areas and Data Zones,LSOADZ,1199,
37265,E01018539,Cheshire West and Chester 010C,Lower Super Output Areas and Data Zones,LSOADZ,1088,
37266,E01018540,Cheshire West and Chester 010D,Lower Super Output Areas and Data Zones,LSOADZ,1444,
37267,E01018541,Cheshire West and Chester 008C,Lower Super Output Areas and Data Zones,LSOADZ,1385,
37268,E01018542,Cheshire West and Chester 008D,Lower Super Output Areas and Data Zones,LSOADZ,1317,
37269,E01018543,Cheshire West and Chester 008E,Lower Super Output Areas and Data Zones,LSOADZ,1319,
37270,E01018544,Cheshire West and Chester 006C,Lower Super Output Areas and Data Zones,LSOADZ,1491,
37271,E01018545,Cheshire West and Chester 006D,Lower Super Output Areas and Data Zones,LSOADZ,1920,
37272,E01018546,Cheshire West and Chester 005A,Lower Super Output Areas and Data Zones,LSOADZ,1479,
37273,E01018547,Cheshire West and Chester 005B,Lower Super Output Areas and Data Zones,LSOADZ,1384,
37274,E01018548,Cheshire West and Chester 005C,Lower Super Output Areas and Data Zones,LSOADZ,1577,
37275,E01018549,Cheshire West and Chester 005D,Lower Super Output Areas and Data Zones,LSOADZ,1412,
37276,E01018550,Cheshire West and Chester 011B,Lower Super Output Areas and Data Zones,LSOADZ,1074,
37277,E01018551,Cheshire West and Chester 011C,Lower Super Output Areas and Data Zones,LSOADZ,1504,
37278,E01018552,Cheshire West and Chester 011D,Lower Super Output Areas and Data Zones,LSOADZ,1554,
37279,E01018553,Cheshire West and Chester 011E,Lower Super Output Areas and Data Zones,LSOADZ,1510,
37280,E01018554,Cheshire West and Chester 016C,Lower Super Output Areas and Data Zones,LSOADZ,2347,
37281,E01018555,Cheshire West and Chester 016D,Lower Super Output Areas and Data Zones,LSOADZ,1172,
37282,E01018556,Cheshire West and Chester 013A,Lower Super Output Areas and Data Zones,LSOADZ,1435,
37283,E01018557,Cheshire West and Chester 013B,Lower Super Output Areas and Data Zones,LSOADZ,1455,
37284,E01018558,Cheshire West and Chester 013C,Lower Super Output Areas and Data Zones,LSOADZ,1293,
37285,E01018559,Cheshire West and Chester 013D,Lower Super Output Areas and Data Zones,LSOADZ,1168,
37286,E01018560,Cheshire West and Chester 009E,Lower Super Output Areas and Data Zones,LSOADZ,1169,
37287,E01018561,Cheshire West and Chester 009F,Lower Super Output Areas and Data Zones,LSOADZ,1236,
37288,E01018562,Cheshire West and Chester 009G,Lower Super Output Areas and Data Zones,LSOADZ,1454,
37289,E01018563,Cheshire West and Chester 007D,Lower Super Output Areas and Data Zones,LSOADZ,2101,
37290,E01018564,Cheshire West and Chester 007E,Lower Super Output Areas and Data Zones,LSOADZ,2247,
37291,E01018565,Cheshire West and Chester 014A,Lower Super Output Areas and Data Zones,LSOADZ,1568,
37292,E01018566,Cheshire West and Chester 014B,Lower Super Output Areas and Data Zones,LSOADZ,1332,
37293,E01018567,Cheshire West and Chester 014C,Lower Super Output Areas and Data Zones,LSOADZ,1424,
37294,E01018568,Cheshire West and Chester 014D,Lower Super Output Areas and Data Zones,LSOADZ,1567,
37295,E01018569,Cheshire West and Chester 004B,Lower Super Output Areas and Data Zones,LSOADZ,1283,
37296,E01018570,Cheshire West and Chester 004C,Lower Super Output Areas and Data Zones,LSOADZ,1200,
37297,E01018571,Cheshire West and Chester 004D,Lower Super Output Areas and Data Zones,LSOADZ,1342,
37298,E01018572,Cheshire East 012A,Lower Super Output Areas and Data Zones,LSOADZ,1797,
37299,E01018573,Cheshire East 012B,Lower Super Output Areas and Data Zones,LSOADZ,1544,
37300,E01018574,Cheshire East 012C,Lower Super Output Areas and Data Zones,LSOADZ,1935,
37301,E01018575,Cheshire East 013A,Lower Super Output Areas and Data Zones,LSOADZ,1101,
37302,E01018576,Cheshire East 013B,Lower Super Output Areas and Data Zones,LSOADZ,1748,
37303,E01018577,Cheshire East 013C,Lower Super Output Areas and Data Zones,LSOADZ,2435,
37304,E01018578,Cheshire East 013D,Lower Super Output Areas and Data Zones,LSOADZ,1214,
37305,E01018579,Cheshire East 013E,Lower Super Output Areas and Data Zones,LSOADZ,1095,
37306,E01018580,Cheshire East 012D,Lower Super Output Areas and Data Zones,LSOADZ,1531,
37307,E01018581,Cheshire East 012E,Lower Super Output Areas and Data Zones,LSOADZ,1219,
37308,E01018582,Cheshire East 004A,Lower Super Output Areas and Data Zones,LSOADZ,1753,
37309,E01018583,Cheshire East 005A,Lower Super Output Areas and Data Zones,LSOADZ,1822,
37310,E01018584,Cheshire East 005B,Lower Super Output Areas and Data Zones,LSOADZ,1885,
37311,E01018585,Cheshire East 001A,Lower Super Output Areas and Data Zones,LSOADZ,1382,
37312,E01018586,Cheshire East 001B,Lower Super Output Areas and Data Zones,LSOADZ,1536,
37313,E01018587,Cheshire East 001C,Lower Super Output Areas and Data Zones,LSOADZ,1526,
37314,E01018588,Cheshire East 008A,Lower Super Output Areas and Data Zones,LSOADZ,1543,
37315,E01018589,Cheshire East 008B,Lower Super Output Areas and Data Zones,LSOADZ,1608,
37316,E01018590,Cheshire East 008C,Lower Super Output Areas and Data Zones,LSOADZ,1840,
37317,E01018591,Cheshire East 020A,Lower Super Output Areas and Data Zones,LSOADZ,2339,
37318,E01018592,Cheshire East 004B,Lower Super Output Areas and Data Zones,LSOADZ,1714,
37319,E01018593,Cheshire East 004C,Lower Super Output Areas and Data Zones,LSOADZ,1674,
37320,E01018594,Cheshire East 004D,Lower Super Output Areas and Data Zones,LSOADZ,1662,
37321,E01018595,Cheshire East 004E,Lower Super Output Areas and Data Zones,LSOADZ,1520,
37322,E01018596,Cheshire East 004F,Lower Super Output Areas and Data Zones,LSOADZ,1918,
37323,E01018597,Cheshire East 020B,Lower Super Output Areas and Data Zones,LSOADZ,2373,
37324,E01018598,Cheshire East 007A,Lower Super Output Areas and Data Zones,LSOADZ,1581,
37325,E01018599,Cheshire East 007B,Lower Super Output Areas and Data Zones,LSOADZ,1145,
37326,E01018600,Cheshire East 006A,Lower Super Output Areas and Data Zones,LSOADZ,1609,
37327,E01018601,Cheshire East 006B,Lower Super Output Areas and Data Zones,LSOADZ,1717,
37328,E01018602,Cheshire East 006C,Lower Super Output Areas and Data Zones,LSOADZ,1710,
37329,E01018603,Cheshire East 010A,Lower Super Output Areas and Data Zones,LSOADZ,1280,
37330,E01018604,Cheshire East 010B,Lower Super Output Areas and Data Zones,LSOADZ,1340,
37331,E01018605,Cheshire East 009A,Lower Super Output Areas and Data Zones,LSOADZ,1137,
37332,E01018606,Cheshire East 010C,Lower Super Output Areas and Data Zones,LSOADZ,1472,
37333,E01018607,Cheshire East 010D,Lower Super Output Areas and Data Zones,LSOADZ,1299,
37334,E01018608,Cheshire East 010E,Lower Super Output Areas and Data Zones,LSOADZ,1382,
37335,E01018609,Cheshire East 009B,Lower Super Output Areas and Data Zones,LSOADZ,1688,
37336,E01018610,Cheshire East 009C,Lower Super Output Areas and Data Zones,LSOADZ,1910,
37337,E01018611,Cheshire East 009D,Lower Super Output Areas and Data Zones,LSOADZ,1683,
37338,E01018612,Cheshire East 005C,Lower Super Output Areas and Data Zones,LSOADZ,1206,
37339,E01018613,Cheshire East 005D,Lower Super Output Areas and Data Zones,LSOADZ,1483,
37340,E01018614,Cheshire East 015A,Lower Super Output Areas and Data Zones,LSOADZ,1899,
37341,E01018615,Cheshire East 017A,Lower Super Output Areas and Data Zones,LSOADZ,1178,
37342,E01018616,Cheshire East 017B,Lower Super Output Areas and Data Zones,LSOADZ,1320,
37343,E01018617,Cheshire East 017C,Lower Super Output Areas and Data Zones,LSOADZ,1437,
37344,E01018618,Cheshire East 015B,Lower Super Output Areas and Data Zones,LSOADZ,1467,
37345,E01018619,Cheshire East 015C,Lower Super Output Areas and Data Zones,LSOADZ,1426,
37346,E01018620,Cheshire East 015D,Lower Super Output Areas and Data Zones,LSOADZ,1432,
37347,E01018621,Cheshire East 015E,Lower Super Output Areas and Data Zones,LSOADZ,1320,
37348,E01018622,Cheshire East 018A,Lower Super Output Areas and Data Zones,LSOADZ,1325,
37349,E01018623,Cheshire East 018B,Lower Super Output Areas and Data Zones,LSOADZ,1489,
37350,E01018624,Cheshire East 018C,Lower Super Output Areas and Data Zones,LSOADZ,1824,
37351,E01018625,Cheshire East 018D,Lower Super Output Areas and Data Zones,LSOADZ,1425,
37352,E01018626,Cheshire East 016A,Lower Super Output Areas and Data Zones,LSOADZ,2149,
37353,E01018627,Cheshire East 018E,Lower Super Output Areas and Data Zones,LSOADZ,1579,
37354,E01018628,Cheshire East 016B,Lower Super Output Areas and Data Zones,LSOADZ,1590,
37355,E01018629,Cheshire East 016C,Lower Super Output Areas and Data Zones,LSOADZ,1858,
37356,E01018630,Cheshire East 016D,Lower Super Output Areas and Data Zones,LSOADZ,1280,
37357,E01018631,Cheshire East 016E,Lower Super Output Areas and Data Zones,LSOADZ,1380,
37358,E01018632,Cheshire East 017D,Lower Super Output Areas and Data Zones,LSOADZ,1584,
37359,E01018633,Cheshire East 017E,Lower Super Output Areas and Data Zones,LSOADZ,1501,
37360,E01018634,Cheshire East 019A,Lower Super Output Areas and Data Zones,LSOADZ,1874,
37361,E01018635,Cheshire East 018F,Lower Super Output Areas and Data Zones,LSOADZ,1225,
37362,E01018636,Cheshire East 018G,Lower Super Output Areas and Data Zones,LSOADZ,1421,
37363,E01018637,Cheshire East 021A,Lower Super Output Areas and Data Zones,LSOADZ,1823,
37364,E01018638,Cheshire East 021B,Lower Super Output Areas and Data Zones,LSOADZ,1585,
37365,E01018639,Cheshire East 021C,Lower Super Output Areas and Data Zones,LSOADZ,1401,
37366,E01018640,Cheshire East 021D,Lower Super Output Areas and Data Zones,LSOADZ,1311,
37367,E01018641,Cheshire East 014A,Lower Super Output Areas and Data Zones,LSOADZ,1280,
37368,E01018642,Cheshire East 014B,Lower Super Output Areas and Data Zones,LSOADZ,1382,
37369,E01018643,Cheshire East 014C,Lower Super Output Areas and Data Zones,LSOADZ,1925,
37370,E01018644,Cheshire East 014D,Lower Super Output Areas and Data Zones,LSOADZ,1374,
37371,E01018645,Cheshire East 019B,Lower Super Output Areas and Data Zones,LSOADZ,1797,
37372,E01018646,Cheshire East 019C,Lower Super Output Areas and Data Zones,LSOADZ,1781,
37373,E01018647,Cheshire East 019D,Lower Super Output Areas and Data Zones,LSOADZ,1544,
37374,E01018648,Cheshire East 007C,Lower Super Output Areas and Data Zones,LSOADZ,2172,
37375,E01018649,Cheshire East 007D,Lower Super Output Areas and Data Zones,LSOADZ,1362,
37376,E01018650,Cheshire East 007E,Lower Super Output Areas and Data Zones,LSOADZ,1688,
37377,E01018651,Cheshire East 007F,Lower Super Output Areas and Data Zones,LSOADZ,1582,
37378,E01018652,Cheshire East 006D,Lower Super Output Areas and Data Zones,LSOADZ,1569,
37379,E01018653,Cheshire East 008D,Lower Super Output Areas and Data Zones,LSOADZ,1999,
37380,E01018654,Cheshire East 007G,Lower Super Output Areas and Data Zones,LSOADZ,2277,
37381,E01018655,Cheshire East 003A,Lower Super Output Areas and Data Zones,LSOADZ,1514,
37382,E01018656,Cheshire East 003B,Lower Super Output Areas and Data Zones,LSOADZ,1551,
37383,E01018657,Cheshire East 002A,Lower Super Output Areas and Data Zones,LSOADZ,1104,
37384,E01018658,Cheshire East 003C,Lower Super Output Areas and Data Zones,LSOADZ,1296,
37385,E01018659,Cheshire East 003D,Lower Super Output Areas and Data Zones,LSOADZ,1248,
37386,E01018660,Cheshire East 003E,Lower Super Output Areas and Data Zones,LSOADZ,1005,
37387,E01018661,Cheshire East 001D,Lower Super Output Areas and Data Zones,LSOADZ,1244,
37388,E01018662,Cheshire East 002B,Lower Super Output Areas and Data Zones,LSOADZ,1190,
37389,E01018663,Cheshire East 002C,Lower Super Output Areas and Data Zones,LSOADZ,1529,
37390,E01018664,Cheshire East 002D,Lower Super Output Areas and Data Zones,LSOADZ,1462,
37391,E01018665,Cheshire East 002E,Lower Super Output Areas and Data Zones,LSOADZ,1117,
37392,E01018666,Cheshire East 011A,Lower Super Output Areas and Data Zones,LSOADZ,1783,
37393,E01018667,Cheshire East 011B,Lower Super Output Areas and Data Zones,LSOADZ,1615,
37394,E01018668,Cheshire East 011C,Lower Super Output Areas and Data Zones,LSOADZ,1730,
37395,E01018669,Cheshire East 020C,Lower Super Output Areas and Data Zones,LSOADZ,2588,
37396,E01018670,Cheshire East 020D,Lower Super Output Areas and Data Zones,LSOADZ,2357,
37397,E01018671,Cheshire West and Chester 012A,Lower Super Output Areas and Data Zones,LSOADZ,1258,
37398,E01018672,Cheshire West and Chester 012B,Lower Super Output Areas and Data Zones,LSOADZ,1606,
37399,E01018673,Cheshire West and Chester 012C,Lower Super Output Areas and Data Zones,LSOADZ,1192,
37400,E01018674,Cheshire West and Chester 012D,Lower Super Output Areas and Data Zones,LSOADZ,1558,
37401,E01018675,Cheshire West and Chester 003A,Lower Super Output Areas and Data Zones,LSOADZ,2092,
37402,E01018676,Cheshire West and Chester 024A,Lower Super Output Areas and Data Zones,LSOADZ,1451,
37403,E01018677,Cheshire West and Chester 024B,Lower Super Output Areas and Data Zones,LSOADZ,1430,
37404,E01018678,Cheshire West and Chester 024C,Lower Super Output Areas and Data Zones,LSOADZ,1314,
37405,E01018679,Cheshire West and Chester 024D,Lower Super Output Areas and Data Zones,LSOADZ,1727,
37406,E01018680,Cheshire West and Chester 026A,Lower Super Output Areas and Data Zones,LSOADZ,1622,
37407,E01018681,Cheshire West and Chester 026B,Lower Super Output Areas and Data Zones,LSOADZ,1451,
37408,E01018682,Cheshire West and Chester 026C,Lower Super Output Areas and Data Zones,LSOADZ,1075,
37409,E01018683,Cheshire West and Chester 026D,Lower Super Output Areas and Data Zones,LSOADZ,1498,
37410,E01018684,Cheshire West and Chester 015A,Lower Super Output Areas and Data Zones,LSOADZ,2255,
37411,E01018685,Cheshire West and Chester 002A,Lower Super Output Areas and Data Zones,LSOADZ,1216,
37412,E01018686,Cheshire West and Chester 002B,Lower Super Output Areas and Data Zones,LSOADZ,1414,
37413,E01018687,Cheshire West and Chester 002C,Lower Super Output Areas and Data Zones,LSOADZ,1365,
37414,E01018688,Cheshire West and Chester 002D,Lower Super Output Areas and Data Zones,LSOADZ,1560,
37415,E01018689,Cheshire West and Chester 002E,Lower Super Output Areas and Data Zones,LSOADZ,1450,
37416,E01018690,Cheshire West and Chester 002F,Lower Super Output Areas and Data Zones,LSOADZ,2072,
37417,E01018691,Cheshire West and Chester 023A,Lower Super Output Areas and Data Zones,LSOADZ,1582,
37418,E01018692,Cheshire West and Chester 024E,Lower Super Output Areas and Data Zones,LSOADZ,1975,
37419,E01018693,Cheshire West and Chester 023B,Lower Super Output Areas and Data Zones,LSOADZ,1589,
37420,E01018694,Cheshire West and Chester 023C,Lower Super Output Areas and Data Zones,LSOADZ,1584,
37421,E01018695,Cheshire West and Chester 015B,Lower Super Output Areas and Data Zones,LSOADZ,1684,
37422,E01018696,Cheshire West and Chester 015C,Lower Super Output Areas and Data Zones,LSOADZ,1473,
37423,E01018697,Cheshire West and Chester 015D,Lower Super Output Areas and Data Zones,LSOADZ,1815,
37424,E01018698,Cheshire West and Chester 015E,Lower Super Output Areas and Data Zones,LSOADZ,1987,
37425,E01018699,Cheshire West and Chester 021A,Lower Super Output Areas and Data Zones,LSOADZ,1629,
37426,E01018700,Cheshire West and Chester 023D,Lower Super Output Areas and Data Zones,LSOADZ,2041,
37427,E01018701,Cheshire West and Chester 021B,Lower Super Output Areas and Data Zones,LSOADZ,1462,
37428,E01018702,Cheshire West and Chester 023E,Lower Super Output Areas and Data Zones,LSOADZ,1286,
37429,E01018703,Cheshire West and Chester 023F,Lower Super Output Areas and Data Zones,LSOADZ,1811,
37430,E01018704,Cheshire West and Chester 017A,Lower Super Output Areas and Data Zones,LSOADZ,1184,
37431,E01018705,Cheshire West and Chester 017B,Lower Super Output Areas and Data Zones,LSOADZ,1530,
37432,E01018706,Cheshire West and Chester 017C,Lower Super Output Areas and Data Zones,LSOADZ,1398,
37433,E01018707,Cheshire West and Chester 045A,Lower Super Output Areas and Data Zones,LSOADZ,1731,
37434,E01018708,Cheshire West and Chester 003B,Lower Super Output Areas and Data Zones,LSOADZ,2121,
37435,E01018709,Cheshire West and Chester 020A,Lower Super Output Areas and Data Zones,LSOADZ,1492,
37436,E01018710,Cheshire West and Chester 020B,Lower Super Output Areas and Data Zones,LSOADZ,1487,
37437,E01018711,Cheshire West and Chester 020C,Lower Super Output Areas and Data Zones,LSOADZ,1526,
37438,E01018712,Cheshire West and Chester 020D,Lower Super Output Areas and Data Zones,LSOADZ,1564,
37439,E01018713,Cheshire West and Chester 018A,Lower Super Output Areas and Data Zones,LSOADZ,2713,
37440,E01018714,Cheshire West and Chester 018B,Lower Super Output Areas and Data Zones,LSOADZ,1828,
37441,E01018715,Cheshire West and Chester 018C,Lower Super Output Areas and Data Zones,LSOADZ,1729,
37442,E01018716,Cheshire West and Chester 021C,Lower Super Output Areas and Data Zones,LSOADZ,1544,
37443,E01018717,Cheshire West and Chester 021D,Lower Super Output Areas and Data Zones,LSOADZ,1763,
37444,E01018718,Cheshire West and Chester 017D,Lower Super Output Areas and Data Zones,LSOADZ,1633,
37445,E01018719,Cheshire West and Chester 021E,Lower Super Output Areas and Data Zones,LSOADZ,1550,
37446,E01018720,Cheshire West and Chester 021F,Lower Super Output Areas and Data Zones,LSOADZ,1565,
37447,E01018721,Cheshire West and Chester 003C,Lower Super Output Areas and Data Zones,LSOADZ,2201,
37448,E01018722,Cheshire West and Chester 017E,Lower Super Output Areas and Data Zones,LSOADZ,2264,
37449,E01018723,Cheshire West and Chester 045B,Lower Super Output Areas and Data Zones,LSOADZ,1124,
37450,E01018724,Cheshire West and Chester 045C,Lower Super Output Areas and Data Zones,LSOADZ,1490,
37451,E01018725,Cheshire West and Chester 045D,Lower Super Output Areas and Data Zones,LSOADZ,1310,
37452,E01018726,Cheshire West and Chester 019A,Lower Super Output Areas and Data Zones,LSOADZ,1503,
37453,E01018727,Cheshire West and Chester 019B,Lower Super Output Areas and Data Zones,LSOADZ,1652,
37454,E01018728,Cheshire West and Chester 019C,Lower Super Output Areas and Data Zones,LSOADZ,1563,
37455,E01018729,Cheshire West and Chester 019D,Lower Super Output Areas and Data Zones,LSOADZ,1673,
37456,E01018730,Cheshire West and Chester 040A,Lower Super Output Areas and Data Zones,LSOADZ,1463,
37457,E01018731,Cheshire West and Chester 042A,Lower Super Output Areas and Data Zones,LSOADZ,1600,
37458,E01018732,Cheshire West and Chester 038A,Lower Super Output Areas and Data Zones,LSOADZ,1425,
37459,E01018733,Cheshire West and Chester 035A,Lower Super Output Areas and Data Zones,LSOADZ,1475,
37460,E01018734,Cheshire West and Chester 035B,Lower Super Output Areas and Data Zones,LSOADZ,1273,
37461,E01018735,Cheshire West and Chester 042B,Lower Super Output Areas and Data Zones,LSOADZ,1301,
37462,E01018736,Cheshire West and Chester 037A,Lower Super Output Areas and Data Zones,LSOADZ,1629,
37463,E01018737,Cheshire West and Chester 037B,Lower Super Output Areas and Data Zones,LSOADZ,1338,
37464,E01018738,Cheshire West and Chester 040B,Lower Super Output Areas and Data Zones,LSOADZ,1474,
37465,E01018739,Cheshire West and Chester 040C,Lower Super Output Areas and Data Zones,LSOADZ,1443,
37466,E01018740,Cheshire West and Chester 042C,Lower Super Output Areas and Data Zones,LSOADZ,1537,
37467,E01018741,Cheshire West and Chester 040D,Lower Super Output Areas and Data Zones,LSOADZ,1263,
37468,E01018742,Cheshire West and Chester 042D,Lower Super Output Areas and Data Zones,LSOADZ,1492,
37469,E01018743,Cheshire West and Chester 037C,Lower Super Output Areas and Data Zones,LSOADZ,1463,
37470,E01018744,Cheshire West and Chester 037D,Lower Super Output Areas and Data Zones,LSOADZ,1707,
37471,E01018745,Cheshire West and Chester 038B,Lower Super Output Areas and Data Zones,LSOADZ,1556,
37472,E01018746,Cheshire West and Chester 038C,Lower Super Output Areas and Data Zones,LSOADZ,1632,
37473,E01018747,Cheshire West and Chester 038D,Lower Super Output Areas and Data Zones,LSOADZ,1511,
37474,E01018748,Cheshire West and Chester 035C,Lower Super Output Areas and Data Zones,LSOADZ,1390,
37475,E01018749,Cheshire West and Chester 035D,Lower Super Output Areas and Data Zones,LSOADZ,2509,
51351,E01032930,Cheshire West and Chester 033E,Lower Super Output Areas and Data Zones,LSOADZ,1852,
51352,E01032931,Cheshire West and Chester 033F,Lower Super Output Areas and Data Zones,LSOADZ,1085,
51687,E01033299,Warrington 017F,Lower Super Output Areas and Data Zones,LSOADZ,2010,
51688,E01033300,Warrington 018F,Lower Super Output Areas and Data Zones,LSOADZ,1082,
51689,E01033302,Warrington 018G,Lower Super Output Areas and Data Zones,LSOADZ,1545,
51690,E01033303,Warrington 017G,Lower Super Output Areas and Data Zones,LSOADZ,1165,
51735,E01033372,Cheshire East 050E,Lower Super Output Areas and Data Zones,LSOADZ,1259,
51736,E01033373,Cheshire East 050F,Lower Super Output Areas and Data Zones,LSOADZ,1273,
51737,E01033375,Cheshire East 049F,Lower Super Output Areas and Data Zones,LSOADZ,1342,
51738,E01033376,Cheshire East 049G,Lower Super Output Areas and Data Zones,LSOADZ,1178,
51739,E01033378,Cheshire East 049H,Lower Super Output Areas and Data Zones,LSOADZ,1401,
